Accept-Language: en
Accept-Encoding: gzip,deflate
Accept: text/html,application/xhtml+xml,application/xml;q=0.9,*/*;q=0.8
User-Agent: Scrapy/1.4.0 (+http://scrapy.org)
Cookie: rmid=ztf8m3%7Czx0g8z%7C1s13qw%7C1t78h6%7C1qdbjh%7C1x7j4w%7C1p1kck%7C1q8w3q%7Cztjf3k%7C1p1q22%7C1phngn%7C1srbyp; rspec=hmed%7Corsg%7Cderm%7Cpath%7Ccmed%7Cgenp%7Cemed%7Cpsyc%7Cpvmd%7Cpeds%7Cdent%7Cpulm; rfspec=path-cpth%7Cintm-cmed%7Cgenp-genp%7Cemed-emed%7Cpsyc-psyc%7Cpeds-peds%7Cdent-gend%7Cpvmd-omed%7Csurg-surg%7Cintm-intm%7Chosp-hosp%7Cpeds-pulm; rpspec=dent%7Cintm%7Csurg%7Chosp%7Corsg%7Cderm%7Cpath%7Ccmed%7Cgenp%7Cpvmd%7Cemed%7Cpulm; PHPSESSID=cc0ngbb8pv0nh00tsaeqd15em3; rspex=2594%7C3833%7C5618%7C1379%7C3231%7C4103%7C4746%7C7140%7C5966%7C6178%7C474%7C5425; retarget=%7B%22spec%22%3A%7B%220%22%3A%22surg%22%2C%221%22%3A%22derm%22%2C%222%22%3A%22path%22%2C%223%22%3A%22peds%22%2C%224%22%3A%22emed%22%2C%225%22%3A%22intm%22%2C%226%22%3A%22cmed%22%2C%227%22%3A%22hosp%22%2C%228%22%3A%22psyc%22%2C%229%22%3A%22dent%22%2C%2210%22%3A%22hmed%22%2C%2211%22%3A%22orsg%22%2C%2212%22%3A%22genp%22%2C%2213%22%3A%22pvmd%22%2C%2225%22%3A%22pulm%22%7D%2C%22mid%22%3A%7B%220%22%3A%22ztf8m3%22%2C%221%22%3A%22zx0g8z%22%2C%222%22%3A%221s13qw%22%2C%223%22%3A%221t78h6%22%2C%224%22%3A%221qdbjh%22%2C%225%22%3A%221x7j4w%22%2C%226%22%3A%221p1kck%22%2C%227%22%3A%221q8w3q%22%2C%228%22%3A%22ztjf3k%22%2C%229%22%3A%221p1q22%22%2C%2210%22%3A%221phngn%22%2C%2222%22%3A%221srbyp%22%7D%2C%22pspec%22%3A%7B%220%22%3A%22surg%22%2C%221%22%3A%22derm%22%2C%222%22%3A%22path%22%2C%223%22%3A%22peds%22%2C%224%22%3A%22emed%22%2C%225%22%3A%22intm%22%2C%226%22%3A%22cmed%22%2C%227%22%3A%22psyc%22%2C%228%22%3A%22dent%22%2C%229%22%3A%22hosp%22%2C%2210%22%3A%22orsg%22%2C%2211%22%3A%22genp%22%2C%2212%22%3A%22pvmd%22%2C%2224%22%3A%22pulm%22%7D%2C%22fspec%22%3A%7B%220%22%3A%22surg-surg%22%2C%221%22%3A%22derm-derm%22%2C%222%22%3A%22path-path%22%2C%223%22%3A%22path-cpth%22%2C%224%22%3A%22peds-peds%22%2C%225%22%3A%22emed-emed%22%2C%226%22%3A%22intm-intm%22%2C%227%22%3A%22intm-cmed%22%2C%228%22%3A%22hosp-hosp%22%2C%229%22%3A%22dent-gend%22%2C%2210%22%3A%22intm-hmed%22%2C%2211%22%3A%22orsg-orsg%22%2C%2212%22%3A%22genp-genp%22%2C%2213%22%3A%22psyc-psyc%22%2C%2214%22%3A%22pvmd-omed%22%2C%2226%22%3A%22peds-pulm%22%7D%7D
Referer: https://www.vitals.com/directory/a45